{
  "timestamp": "2026-03-31T18:45:32.895137",
  "total_pnl": -0.8529657199999999,
  "positions_closed": 0,
  "details": []
}